<?xml version="1.0" encoding="UTF-8"?>
<?xml-stylesheet href="catalog.css" type="text/css"?>
<?xml-model href="file.dtd" type="application/xml-dtd"?>
<?xml-model href="catalog.xsd" type="application/xml" schematypens="http://www.w3.org/2001/XMLSchema"?>
<store>
    <store_details>
        <store_name>Swechha</store_name>
        <address>
            <street>123 Main Street</street>
            <city>London</city>
            <postcode>W1</postcode>
        </address>
        <telephone>9819370261</telephone>
        <website>www.giftcardstore.com</website>
        <email>Store@gmail.com</email>
        <logo format="png"></logo>
    </store_details>
    <giftcard>
        <card type="physical">
            <name>Gift Card</name>
            <cost>100</cost>
            <validity>
                <valid_from>01/01/2012</valid_from>
                <valid_to>01/01/2013</valid_to>
            </validity>
            <number_of_users>100</number_of_users>
            <discount_vouchers type="percentage">10</discount_vouchers>
            <gift_message occassion="Anniversary">Happy Anniversary</gift_message>
        </card>
        <card type="digital">
            <code>123456789</code>
            <name>e-Gift Card</name>
            <cost>10.00</cost>
            <validity>
                <valid_from>01/01/2012</valid_from>
                <valid_to>01/01/2013</valid_to>
            </validity>
            <number_of_users>100</number_of_users>
            <discount_vouchers type="amount">20</discount_vouchers>
            <gift_message occassion="birthday">Happy Birthday</gift_message>
            <valid_countries>
                <country>NEP</country>
                <country>US</country>
            </valid_countries>
        </card>
        <card type="physical">
            <name>Gift Card</name>
            <cost>14</cost>
            <validity>
                <valid_from>01/01/2012</valid_from>
                <valid_to>01/01/2013</valid_to>
            </validity>
            <number_of_users>36</number_of_users>
            <discount_vouchers type="percentage">40</discount_vouchers>
            <available_quantity>100</available_quantity>
            <number_of_cards_used>0</number_of_cards_used>
        </card>
    </giftcard>
</store>
